overwide_penalty_weight,scenario_count,mean_overwide_risk,paired_scenario_count,mean_utility_score,mean_adjusted_utility_score,min_adjusted_utility_score
0.0,30,0.7190371416332955,26,0.4684290993906378,0.4684290993906378,0.0
0.15,30,0.7190371416332955,26,0.4684290993906378,0.4082823897968129,0.0
0.3,30,0.7190371416332955,26,0.4684290993906378,0.35719457003110844,0.0
